baseline,scenario,seed,verdict,favorable,throughput_change_pct,system_time_improvement_pct,completed_a,completed_b,report_json,summary_csv,incomplete_a_csv,incomplete_b_csv
"largo_120","corredor","157300","improvement",true,148.5148514851485,56.2917506552832,404,1004,"data/runs/largo_120/corredor/seed_157300/ab_report.json","data/runs/largo_120/corredor/seed_157300/ab_summary.csv","data/runs/largo_120/corredor/seed_157300/incomplete_trips_A.csv","data/runs/largo_120/corredor/seed_157300/incomplete_trips_B.csv"
"largo_120","corredor","214181","improvement",true,20.352941176470587,21.927141760642378,850,1023,"data/runs/largo_120/corredor/seed_214181/ab_report.json","data/runs/largo_120/corredor/seed_214181/ab_summary.csv","data/runs/largo_120/corredor/seed_214181/incomplete_trips_A.csv","data/runs/largo_120/corredor/seed_214181/incomplete_trips_B.csv"
"largo_120","corredor","281772","improvement",true,22.424242424242426,27.111774242815855,825,1010,"data/runs/largo_120/corredor/seed_281772/ab_report.json","data/runs/largo_120/corredor/seed_281772/ab_summary.csv","data/runs/largo_120/corredor/seed_281772/incomplete_trips_A.csv","data/runs/largo_120/corredor/seed_281772/incomplete_trips_B.csv"
"largo_120","corredor","372292","improvement",true,137.26415094339623,64.88223699986548,424,1006,"data/runs/largo_120/corredor/seed_372292/ab_report.json","data/runs/largo_120/corredor/seed_372292/ab_summary.csv","data/runs/largo_120/corredor/seed_372292/incomplete_trips_A.csv","data/runs/largo_120/corredor/seed_372292/incomplete_trips_B.csv"
"largo_120","corredor","400290","improvement",true,20.284697508896798,28.15475500984594,843,1014,"data/runs/largo_120/corredor/seed_400290/ab_report.json","data/runs/largo_120/corredor/seed_400290/ab_summary.csv","data/runs/largo_120/corredor/seed_400290/incomplete_trips_A.csv","data/runs/largo_120/corredor/seed_400290/incomplete_trips_B.csv"
"largo_120","corredor","423459","improvement",true,348.29059829059827,48.899772969025356,234,1049,"data/runs/largo_120/corredor/seed_423459/ab_report.json","data/runs/largo_120/corredor/seed_423459/ab_summary.csv","data/runs/largo_120/corredor/seed_423459/incomplete_trips_A.csv","data/runs/largo_120/corredor/seed_423459/incomplete_trips_B.csv"
"largo_120","corredor","449463","improvement",true,21.1864406779661,29.04321526202524,826,1001,"data/runs/largo_120/corredor/seed_449463/ab_report.json","data/runs/largo_120/corredor/seed_449463/ab_summary.csv","data/runs/largo_120/corredor/seed_449463/incomplete_trips_A.csv","data/runs/largo_120/corredor/seed_449463/incomplete_trips_B.csv"
"largo_120","corredor","843099","improvement",true,141.28878281622912,61.48254185597809,419,1011,"data/runs/largo_120/corredor/seed_843099/ab_report.json","data/runs/largo_120/corredor/seed_843099/ab_summary.csv","data/runs/largo_120/corredor/seed_843099/incomplete_trips_A.csv","data/runs/largo_120/corredor/seed_843099/incomplete_trips_B.csv"
"largo_120","corredor","950893","improvement",true,17.00356718192628,24.04140056161626,841,984,"data/runs/largo_120/corredor/seed_950893/ab_report.json","data/runs/largo_120/corredor/seed_950893/ab_summary.csv","data/runs/largo_120/corredor/seed_950893/incomplete_trips_A.csv","data/runs/largo_120/corredor/seed_950893/incomplete_trips_B.csv"
"largo_120","corredor","974616","improvement",true,22.796709753231493,23.7698366051487,851,1045,"data/runs/largo_120/corredor/seed_974616/ab_report.json","data/runs/largo_120/corredor/seed_974616/ab_summary.csv","data/runs/largo_120/corredor/seed_974616/incomplete_trips_A.csv","data/runs/largo_120/corredor/seed_974616/incomplete_trips_B.csv"
"largo_120","demanda_alta","157300","improvement",true,23.275862068965516,-3.1276177451064195,1856,2288,"data/runs/largo_120/demanda_alta/seed_157300/ab_report.json","data/runs/largo_120/demanda_alta/seed_157300/ab_summary.csv","data/runs/largo_120/demanda_alta/seed_157300/incomplete_trips_A.csv","data/runs/largo_120/demanda_alta/seed_157300/incomplete_trips_B.csv"
"largo_120","demanda_alta","214181","misleading_improvement",false,-63.806970509383376,-15.469777789456165,1865,675,"data/runs/largo_120/demanda_alta/seed_214181/ab_report.json","data/runs/largo_120/demanda_alta/seed_214181/ab_summary.csv","data/runs/largo_120/demanda_alta/seed_214181/incomplete_trips_A.csv","data/runs/largo_120/demanda_alta/seed_214181/incomplete_trips_B.csv"
"largo_120","demanda_alta","281772","improvement",true,33.33333333333333,0.8742423370150751,1794,2392,"data/runs/largo_120/demanda_alta/seed_281772/ab_report.json","data/runs/largo_120/demanda_alta/seed_281772/ab_summary.csv","data/runs/largo_120/demanda_alta/seed_281772/incomplete_trips_A.csv","data/runs/largo_120/demanda_alta/seed_281772/incomplete_trips_B.csv"
"largo_120","demanda_alta","372292","improvement",true,25.446670276123445,-7.601158835248775,1847,2317,"data/runs/largo_120/demanda_alta/seed_372292/ab_report.json","data/runs/largo_120/demanda_alta/seed_372292/ab_summary.csv","data/runs/largo_120/demanda_alta/seed_372292/incomplete_trips_A.csv","data/runs/largo_120/demanda_alta/seed_372292/incomplete_trips_B.csv"
"largo_120","demanda_alta","400290","regression",false,-0.6589785831960462,-18.971323604449434,1821,1809,"data/runs/largo_120/demanda_alta/seed_400290/ab_report.json","data/runs/largo_120/demanda_alta/seed_400290/ab_summary.csv","data/runs/largo_120/demanda_alta/seed_400290/incomplete_trips_A.csv","data/runs/largo_120/demanda_alta/seed_400290/incomplete_trips_B.csv"
"largo_120","demanda_alta","423459","regression",false,7.613344739093241,-9.995291937255722,1169,1258,"data/runs/largo_120/demanda_alta/seed_423459/ab_report.json","data/runs/largo_120/demanda_alta/seed_423459/ab_summary.csv","data/runs/largo_120/demanda_alta/seed_423459/incomplete_trips_A.csv","data/runs/largo_120/demanda_alta/seed_423459/incomplete_trips_B.csv"
"largo_120","demanda_alta","449463","improvement",true,23.254564983888294,-3.5409714497589917,1862,2295,"data/runs/largo_120/demanda_alta/seed_449463/ab_report.json","data/runs/largo_120/demanda_alta/seed_449463/ab_summary.csv","data/runs/largo_120/demanda_alta/seed_449463/incomplete_trips_A.csv","data/runs/largo_120/demanda_alta/seed_449463/incomplete_trips_B.csv"
"largo_120","demanda_alta","843099","misleading_improvement",false,-55.02159827213823,-22.5523631932347,1852,833,"data/runs/largo_120/demanda_alta/seed_843099/ab_report.json","data/runs/largo_120/demanda_alta/seed_843099/ab_summary.csv","data/runs/largo_120/demanda_alta/seed_843099/incomplete_trips_A.csv","data/runs/largo_120/demanda_alta/seed_843099/incomplete_trips_B.csv"
"largo_120","demanda_alta","950893","improvement",true,23.52,-5.164014016126989,1875,2316,"data/runs/largo_120/demanda_alta/seed_950893/ab_report.json","data/runs/largo_120/demanda_alta/seed_950893/ab_summary.csv","data/runs/largo_120/demanda_alta/seed_950893/incomplete_trips_A.csv","data/runs/largo_120/demanda_alta/seed_950893/incomplete_trips_B.csv"
"largo_120","demanda_alta","974616","misleading_improvement",false,-61.341671404206934,-17.210134472211,1759,680,"data/runs/largo_120/demanda_alta/seed_974616/ab_report.json","data/runs/largo_120/demanda_alta/seed_974616/ab_summary.csv","data/runs/largo_120/demanda_alta/seed_974616/incomplete_trips_A.csv","data/runs/largo_120/demanda_alta/seed_974616/incomplete_trips_B.csv"
"largo_120","demanda_baja","157300","misleading_improvement",false,-21.88811188811189,-5.931596518301109,1430,1117,"data/runs/largo_120/demanda_baja/seed_157300/ab_report.json","data/runs/largo_120/demanda_baja/seed_157300/ab_summary.csv","data/runs/largo_120/demanda_baja/seed_157300/incomplete_trips_A.csv","data/runs/largo_120/demanda_baja/seed_157300/incomplete_trips_B.csv"
"largo_120","demanda_baja","214181","improvement",true,13.680555555555557,38.6457685204389,1440,1637,"data/runs/largo_120/demanda_baja/seed_214181/ab_report.json","data/runs/largo_120/demanda_baja/seed_214181/ab_summary.csv","data/runs/largo_120/demanda_baja/seed_214181/incomplete_trips_A.csv","data/runs/largo_120/demanda_baja/seed_214181/incomplete_trips_B.csv"
"largo_120","demanda_baja","281772","improvement",true,12.129565816678154,41.41213326103983,1451,1627,"data/runs/largo_120/demanda_baja/seed_281772/ab_report.json","data/runs/largo_120/demanda_baja/seed_281772/ab_summary.csv","data/runs/largo_120/demanda_baja/seed_281772/incomplete_trips_A.csv","data/runs/largo_120/demanda_baja/seed_281772/incomplete_trips_B.csv"
"largo_120","demanda_baja","372292","misleading_improvement",false,-53.34252239834597,-16.340846483906976,1451,677,"data/runs/largo_120/demanda_baja/seed_372292/ab_report.json","data/runs/largo_120/demanda_baja/seed_372292/ab_summary.csv","data/runs/largo_120/demanda_baja/seed_372292/incomplete_trips_A.csv","data/runs/largo_120/demanda_baja/seed_372292/incomplete_trips_B.csv"
"largo_120","demanda_baja","400290","improvement",true,15.944055944055943,37.52255980217172,1430,1658,"data/runs/largo_120/demanda_baja/seed_400290/ab_report.json","data/runs/largo_120/demanda_baja/seed_400290/ab_summary.csv","data/runs/largo_120/demanda_baja/seed_400290/incomplete_trips_A.csv","data/runs/largo_120/demanda_baja/seed_400290/incomplete_trips_B.csv"
"largo_120","demanda_baja","423459","improvement",true,17.34265734265734,39.239390005846275,1430,1678,"data/runs/largo_120/demanda_baja/seed_423459/ab_report.json","data/runs/largo_120/demanda_baja/seed_423459/ab_summary.csv","data/runs/largo_120/demanda_baja/seed_423459/incomplete_trips_A.csv","data/runs/largo_120/demanda_baja/seed_423459/incomplete_trips_B.csv"
"largo_120","demanda_baja","449463","improvement",true,15.941011235955054,40.6368410556405,1424,1651,"data/runs/largo_120/demanda_baja/seed_449463/ab_report.json","data/runs/largo_120/demanda_baja/seed_449463/ab_summary.csv","data/runs/largo_120/demanda_baja/seed_449463/incomplete_trips_A.csv","data/runs/largo_120/demanda_baja/seed_449463/incomplete_trips_B.csv"
"largo_120","demanda_baja","843099","improvement",true,18.181818181818183,39.18942940095989,1430,1690,"data/runs/largo_120/demanda_baja/seed_843099/ab_report.json","data/runs/largo_120/demanda_baja/seed_843099/ab_summary.csv","data/runs/largo_120/demanda_baja/seed_843099/incomplete_trips_A.csv","data/runs/largo_120/demanda_baja/seed_843099/incomplete_trips_B.csv"
"largo_120","demanda_baja","950893","improvement",true,13.314646110721796,39.79582279666573,1427,1617,"data/runs/largo_120/demanda_baja/seed_950893/ab_report.json","data/runs/largo_120/demanda_baja/seed_950893/ab_summary.csv","data/runs/largo_120/demanda_baja/seed_950893/incomplete_trips_A.csv","data/runs/largo_120/demanda_baja/seed_950893/incomplete_trips_B.csv"
"largo_120","demanda_baja","974616","improvement",true,16.936050597329587,41.16377015055429,1423,1664,"data/runs/largo_120/demanda_baja/seed_974616/ab_report.json","data/runs/largo_120/demanda_baja/seed_974616/ab_summary.csv","data/runs/largo_120/demanda_baja/seed_974616/incomplete_trips_A.csv","data/runs/largo_120/demanda_baja/seed_974616/incomplete_trips_B.csv"
"largo_120","demanda_media","157300","improvement",true,27.24687144482366,3.0580986978919484,1758,2237,"data/runs/largo_120/demanda_media/seed_157300/ab_report.json","data/runs/largo_120/demanda_media/seed_157300/ab_summary.csv","data/runs/largo_120/demanda_media/seed_157300/incomplete_trips_A.csv","data/runs/largo_120/demanda_media/seed_157300/incomplete_trips_B.csv"
"largo_120","demanda_media","214181","misleading_regression",true,360.9865470852018,29.251633077605966,446,2056,"data/runs/largo_120/demanda_media/seed_214181/ab_report.json","data/runs/largo_120/demanda_media/seed_214181/ab_summary.csv","data/runs/largo_120/demanda_media/seed_214181/incomplete_trips_A.csv","data/runs/largo_120/demanda_media/seed_214181/incomplete_trips_B.csv"
"largo_120","demanda_media","281772","improvement",true,31.160663236134933,8.113862654498229,1749,2294,"data/runs/largo_120/demanda_media/seed_281772/ab_report.json","data/runs/largo_120/demanda_media/seed_281772/ab_summary.csv","data/runs/largo_120/demanda_media/seed_281772/incomplete_trips_A.csv","data/runs/largo_120/demanda_media/seed_281772/incomplete_trips_B.csv"
"largo_120","demanda_media","372292","misleading_improvement",false,-65.03248670998228,-24.077907332197913,1693,592,"data/runs/largo_120/demanda_media/seed_372292/ab_report.json","data/runs/largo_120/demanda_media/seed_372292/ab_summary.csv","data/runs/largo_120/demanda_media/seed_372292/incomplete_trips_A.csv","data/runs/largo_120/demanda_media/seed_372292/incomplete_trips_B.csv"
"largo_120","demanda_media","400290","improvement",true,142.63217097862767,10.49885151304153,889,2157,"data/runs/largo_120/demanda_media/seed_400290/ab_report.json","data/runs/largo_120/demanda_media/seed_400290/ab_summary.csv","data/runs/largo_120/demanda_media/seed_400290/incomplete_trips_A.csv","data/runs/largo_120/demanda_media/seed_400290/incomplete_trips_B.csv"
"largo_120","demanda_media","423459","improvement",true,66.01164483260553,21.38499729829205,1374,2281,"data/runs/largo_120/demanda_media/seed_423459/ab_report.json","data/runs/largo_120/demanda_media/seed_423459/ab_summary.csv","data/runs/largo_120/demanda_media/seed_423459/incomplete_trips_A.csv","data/runs/largo_120/demanda_media/seed_423459/incomplete_trips_B.csv"
"largo_120","demanda_media","449463","improvement",true,30.650887573964496,5.825453283595038,1690,2208,"data/runs/largo_120/demanda_media/seed_449463/ab_report.json","data/runs/largo_120/demanda_media/seed_449463/ab_summary.csv","data/runs/largo_120/demanda_media/seed_449463/incomplete_trips_A.csv","data/runs/largo_120/demanda_media/seed_449463/incomplete_trips_B.csv"
"largo_120","demanda_media","843099","misleading_regression",true,275.8220502901354,9.899396062231506,517,1943,"data/runs/largo_120/demanda_media/seed_843099/ab_report.json","data/runs/largo_120/demanda_media/seed_843099/ab_summary.csv","data/runs/largo_120/demanda_media/seed_843099/incomplete_trips_A.csv","data/runs/largo_120/demanda_media/seed_843099/incomplete_trips_B.csv"
"largo_120","demanda_media","950893","improvement",true,155.76496674057648,37.83962975481657,902,2307,"data/runs/largo_120/demanda_media/seed_950893/ab_report.json","data/runs/largo_120/demanda_media/seed_950893/ab_summary.csv","data/runs/largo_120/demanda_media/seed_950893/incomplete_trips_A.csv","data/runs/largo_120/demanda_media/seed_950893/incomplete_trips_B.csv"
"largo_120","demanda_media","974616","improvement",true,28.39080459770115,4.913182614096073,1740,2234,"data/runs/largo_120/demanda_media/seed_974616/ab_report.json","data/runs/largo_120/demanda_media/seed_974616/ab_summary.csv","data/runs/largo_120/demanda_media/seed_974616/incomplete_trips_A.csv","data/runs/largo_120/demanda_media/seed_974616/incomplete_trips_B.csv"
"largo_120","demanda_saturada","157300","improvement",true,25.064201335387775,-7.146864426094426,1947,2435,"data/runs/largo_120/demanda_saturada/seed_157300/ab_report.json","data/runs/largo_120/demanda_saturada/seed_157300/ab_summary.csv","data/runs/largo_120/demanda_saturada/seed_157300/incomplete_trips_A.csv","data/runs/largo_120/demanda_saturada/seed_157300/incomplete_trips_B.csv"
"largo_120","demanda_saturada","214181","improvement",true,25.336787564766837,-7.520563008577084,1930,2419,"data/runs/largo_120/demanda_saturada/seed_214181/ab_report.json","data/runs/largo_120/demanda_saturada/seed_214181/ab_summary.csv","data/runs/largo_120/demanda_saturada/seed_214181/incomplete_trips_A.csv","data/runs/largo_120/demanda_saturada/seed_214181/incomplete_trips_B.csv"
"largo_120","demanda_saturada","281772","improvement",true,17.456776352481874,-14.881156537247907,1793,2106,"data/runs/largo_120/demanda_saturada/seed_281772/ab_report.json","data/runs/largo_120/demanda_saturada/seed_281772/ab_summary.csv","data/runs/largo_120/demanda_saturada/seed_281772/incomplete_trips_A.csv","data/runs/largo_120/demanda_saturada/seed_281772/incomplete_trips_B.csv"
"largo_120","demanda_saturada","372292","misleading_improvement",false,-41.53204794163627,-14.860131027165401,1919,1122,"data/runs/largo_120/demanda_saturada/seed_372292/ab_report.json","data/runs/largo_120/demanda_saturada/seed_372292/ab_summary.csv","data/runs/largo_120/demanda_saturada/seed_372292/incomplete_trips_A.csv","data/runs/largo_120/demanda_saturada/seed_372292/incomplete_trips_B.csv"
"largo_120","demanda_saturada","400290","misleading_improvement",false,-45.13574660633484,-11.389952114796367,1768,970,"data/runs/largo_120/demanda_saturada/seed_400290/ab_report.json","data/runs/largo_120/demanda_saturada/seed_400290/ab_summary.csv","data/runs/largo_120/demanda_saturada/seed_400290/incomplete_trips_A.csv","data/runs/largo_120/demanda_saturada/seed_400290/incomplete_trips_B.csv"
"largo_120","demanda_saturada","423459","misleading_regression",true,104.10509031198687,12.831820271202021,1218,2486,"data/runs/largo_120/demanda_saturada/seed_423459/ab_report.json","data/runs/largo_120/demanda_saturada/seed_423459/ab_summary.csv","data/runs/largo_120/demanda_saturada/seed_423459/incomplete_trips_A.csv","data/runs/largo_120/demanda_saturada/seed_423459/incomplete_trips_B.csv"
"largo_120","demanda_saturada","449463","improvement",true,28.43399251737039,-3.4593434885217764,1871,2403,"data/runs/largo_120/demanda_saturada/seed_449463/ab_report.json","data/runs/largo_120/demanda_saturada/seed_449463/ab_summary.csv","data/runs/largo_120/demanda_saturada/seed_449463/incomplete_trips_A.csv","data/runs/largo_120/demanda_saturada/seed_449463/incomplete_trips_B.csv"
"largo_120","demanda_saturada","843099","misleading_regression",true,332.77027027027026,-0.3308838292575192,592,2562,"data/runs/largo_120/demanda_saturada/seed_843099/ab_report.json","data/runs/largo_120/demanda_saturada/seed_843099/ab_summary.csv","data/runs/largo_120/demanda_saturada/seed_843099/incomplete_trips_A.csv","data/runs/largo_120/demanda_saturada/seed_843099/incomplete_trips_B.csv"
"largo_120","demanda_saturada","950893","misleading_improvement",false,-30.7012987012987,-13.324136244968523,1925,1334,"data/runs/largo_120/demanda_saturada/seed_950893/ab_report.json","data/runs/largo_120/demanda_saturada/seed_950893/ab_summary.csv","data/runs/largo_120/demanda_saturada/seed_950893/incomplete_trips_A.csv","data/runs/largo_120/demanda_saturada/seed_950893/incomplete_trips_B.csv"
"largo_120","demanda_saturada","974616","improvement",true,40.52812858783008,-3.9193912160184565,1742,2448,"data/runs/largo_120/demanda_saturada/seed_974616/ab_report.json","data/runs/largo_120/demanda_saturada/seed_974616/ab_summary.csv","data/runs/largo_120/demanda_saturada/seed_974616/incomplete_trips_A.csv","data/runs/largo_120/demanda_saturada/seed_974616/incomplete_trips_B.csv"
"largo_120","hora_pico","157300","improvement",true,28.7463556851312,5.43401051285694,1715,2208,"data/runs/largo_120/hora_pico/seed_157300/ab_report.json","data/runs/largo_120/hora_pico/seed_157300/ab_summary.csv","data/runs/largo_120/hora_pico/seed_157300/incomplete_trips_A.csv","data/runs/largo_120/hora_pico/seed_157300/incomplete_trips_B.csv"
"largo_120","hora_pico","214181","misleading_improvement",false,-13.839027214823393,-16.309459215047927,1727,1488,"data/runs/largo_120/hora_pico/seed_214181/ab_report.json","data/runs/largo_120/hora_pico/seed_214181/ab_summary.csv","data/runs/largo_120/hora_pico/seed_214181/incomplete_trips_A.csv","data/runs/largo_120/hora_pico/seed_214181/incomplete_trips_B.csv"
"largo_120","hora_pico","281772","improvement",true,13.472706155632984,-9.687606277024729,861,977,"data/runs/largo_120/hora_pico/seed_281772/ab_report.json","data/runs/largo_120/hora_pico/seed_281772/ab_summary.csv","data/runs/largo_120/hora_pico/seed_281772/incomplete_trips_A.csv","data/runs/largo_120/hora_pico/seed_281772/incomplete_trips_B.csv"
"largo_120","hora_pico","372292","improvement",true,24.843304843304843,-5.035856871710003,1755,2191,"data/runs/largo_120/hora_pico/seed_372292/ab_report.json","data/runs/largo_120/hora_pico/seed_372292/ab_summary.csv","data/runs/largo_120/hora_pico/seed_372292/incomplete_trips_A.csv","data/runs/largo_120/hora_pico/seed_372292/incomplete_trips_B.csv"
"largo_120","hora_pico","400290","improvement",true,23.59865470852018,-1.2728489874853561,1784,2205,"data/runs/largo_120/hora_pico/seed_400290/ab_report.json","data/runs/largo_120/hora_pico/seed_400290/ab_summary.csv","data/runs/largo_120/hora_pico/seed_400290/incomplete_trips_A.csv","data/runs/largo_120/hora_pico/seed_400290/incomplete_trips_B.csv"
"largo_120","hora_pico","423459","improvement",true,24.00448681996635,-4.361105595113141,1783,2211,"data/runs/largo_120/hora_pico/seed_423459/ab_report.json","data/runs/largo_120/hora_pico/seed_423459/ab_summary.csv","data/runs/largo_120/hora_pico/seed_423459/incomplete_trips_A.csv","data/runs/largo_120/hora_pico/seed_423459/incomplete_trips_B.csv"
"largo_120","hora_pico","449463","misleading_regression",true,111.7821782178218,21.08610037215016,1010,2139,"data/runs/largo_120/hora_pico/seed_449463/ab_report.json","data/runs/largo_120/hora_pico/seed_449463/ab_summary.csv","data/runs/largo_120/hora_pico/seed_449463/incomplete_trips_A.csv","data/runs/largo_120/hora_pico/seed_449463/incomplete_trips_B.csv"
"largo_120","hora_pico","843099","misleading_improvement",false,-37.529274004683835,-14.918113134264868,1708,1067,"data/runs/largo_120/hora_pico/seed_843099/ab_report.json","data/runs/largo_120/hora_pico/seed_843099/ab_summary.csv","data/runs/largo_120/hora_pico/seed_843099/incomplete_trips_A.csv","data/runs/largo_120/hora_pico/seed_843099/incomplete_trips_B.csv"
"largo_120","hora_pico","950893","improvement",true,46.088193456614505,0.0868366396906109,1406,2054,"data/runs/largo_120/hora_pico/seed_950893/ab_report.json","data/runs/largo_120/hora_pico/seed_950893/ab_summary.csv","data/runs/largo_120/hora_pico/seed_950893/incomplete_trips_A.csv","data/runs/largo_120/hora_pico/seed_950893/incomplete_trips_B.csv"
"largo_120","hora_pico","974616","misleading_improvement",false,-52.1134593993326,-19.23580806605152,1798,861,"data/runs/largo_120/hora_pico/seed_974616/ab_report.json","data/runs/largo_120/hora_pico/seed_974616/ab_summary.csv","data/runs/largo_120/hora_pico/seed_974616/incomplete_trips_A.csv","data/runs/largo_120/hora_pico/seed_974616/incomplete_trips_B.csv"
"mopc_60","corredor","157300","improvement",true,236.91275167785233,56.31278923446128,298,1004,"data/runs/mopc_60/corredor/seed_157300/ab_report.json","data/runs/mopc_60/corredor/seed_157300/ab_summary.csv","data/runs/mopc_60/corredor/seed_157300/incomplete_trips_A.csv","data/runs/mopc_60/corredor/seed_157300/incomplete_trips_B.csv"
"mopc_60","corredor","214181","improvement",true,244.44444444444446,54.55195358684593,297,1023,"data/runs/mopc_60/corredor/seed_214181/ab_report.json","data/runs/mopc_60/corredor/seed_214181/ab_summary.csv","data/runs/mopc_60/corredor/seed_214181/incomplete_trips_A.csv","data/runs/mopc_60/corredor/seed_214181/incomplete_trips_B.csv"
"mopc_60","corredor","281772","improvement",true,195.3216374269006,57.060297333960854,342,1010,"data/runs/mopc_60/corredor/seed_281772/ab_report.json","data/runs/mopc_60/corredor/seed_281772/ab_summary.csv","data/runs/mopc_60/corredor/seed_281772/incomplete_trips_A.csv","data/runs/mopc_60/corredor/seed_281772/incomplete_trips_B.csv"
"mopc_60","corredor","372292","improvement",true,237.58389261744966,57.33663021621583,298,1006,"data/runs/mopc_60/corredor/seed_372292/ab_report.json","data/runs/mopc_60/corredor/seed_372292/ab_summary.csv","data/runs/mopc_60/corredor/seed_372292/incomplete_trips_A.csv","data/runs/mopc_60/corredor/seed_372292/incomplete_trips_B.csv"
"mopc_60","corredor","400290","improvement",true,200.89020771513356,63.37482580248954,337,1014,"data/runs/mopc_60/corredor/seed_400290/ab_report.json","data/runs/mopc_60/corredor/seed_400290/ab_summary.csv","data/runs/mopc_60/corredor/seed_400290/incomplete_trips_A.csv","data/runs/mopc_60/corredor/seed_400290/incomplete_trips_B.csv"
"mopc_60","corredor","423459","improvement",true,214.07185628742513,63.056677838483076,334,1049,"data/runs/mopc_60/corredor/seed_423459/ab_report.json","data/runs/mopc_60/corredor/seed_423459/ab_summary.csv","data/runs/mopc_60/corredor/seed_423459/incomplete_trips_A.csv","data/runs/mopc_60/corredor/seed_423459/incomplete_trips_B.csv"
"mopc_60","corredor","449463","improvement",true,190.98837209302326,57.1158402407216,344,1001,"data/runs/mopc_60/corredor/seed_449463/ab_report.json","data/runs/mopc_60/corredor/seed_449463/ab_summary.csv","data/runs/mopc_60/corredor/seed_449463/incomplete_trips_A.csv","data/runs/mopc_60/corredor/seed_449463/incomplete_trips_B.csv"
"mopc_60","corredor","843099","improvement",true,237.0,57.26488643975334,300,1011,"data/runs/mopc_60/corredor/seed_843099/ab_report.json","data/runs/mopc_60/corredor/seed_843099/ab_summary.csv","data/runs/mopc_60/corredor/seed_843099/incomplete_trips_A.csv","data/runs/mopc_60/corredor/seed_843099/incomplete_trips_B.csv"
"mopc_60","corredor","950893","improvement",true,177.1830985915493,62.568118639709034,355,984,"data/runs/mopc_60/corredor/seed_950893/ab_report.json","data/runs/mopc_60/corredor/seed_950893/ab_summary.csv","data/runs/mopc_60/corredor/seed_950893/incomplete_trips_A.csv","data/runs/mopc_60/corredor/seed_950893/incomplete_trips_B.csv"
"mopc_60","corredor","974616","improvement",true,153.02663438256658,60.9390434887363,413,1045,"data/runs/mopc_60/corredor/seed_974616/ab_report.json","data/runs/mopc_60/corredor/seed_974616/ab_summary.csv","data/runs/mopc_60/corredor/seed_974616/incomplete_trips_A.csv","data/runs/mopc_60/corredor/seed_974616/incomplete_trips_B.csv"
"mopc_60","demanda_alta","157300","improvement",true,50.032786885245905,8.752703786056783,1525,2288,"data/runs/mopc_60/demanda_alta/seed_157300/ab_report.json","data/runs/mopc_60/demanda_alta/seed_157300/ab_summary.csv","data/runs/mopc_60/demanda_alta/seed_157300/incomplete_trips_A.csv","data/runs/mopc_60/demanda_alta/seed_157300/incomplete_trips_B.csv"
"mopc_60","demanda_alta","214181","misleading_improvement",false,-50.51319648093842,2.0207800701587493,1364,675,"data/runs/mopc_60/demanda_alta/seed_214181/ab_report.json","data/runs/mopc_60/demanda_alta/seed_214181/ab_summary.csv","data/runs/mopc_60/demanda_alta/seed_214181/incomplete_trips_A.csv","data/runs/mopc_60/demanda_alta/seed_214181/incomplete_trips_B.csv"
"mopc_60","demanda_alta","281772","improvement",true,74.59854014598541,10.092646466454818,1370,2392,"data/runs/mopc_60/demanda_alta/seed_281772/ab_report.json","data/runs/mopc_60/demanda_alta/seed_281772/ab_summary.csv","data/runs/mopc_60/demanda_alta/seed_281772/incomplete_trips_A.csv","data/runs/mopc_60/demanda_alta/seed_281772/incomplete_trips_B.csv"
"mopc_60","demanda_alta","372292","misleading_regression",true,146.48936170212764,13.57455312845024,940,2317,"data/runs/mopc_60/demanda_alta/seed_372292/ab_report.json","data/runs/mopc_60/demanda_alta/seed_372292/ab_summary.csv","data/runs/mopc_60/demanda_alta/seed_372292/incomplete_trips_A.csv","data/runs/mopc_60/demanda_alta/seed_372292/incomplete_trips_B.csv"
"mopc_60","demanda_alta","400290","regression",false,-5.337519623233909,-15.299217854994108,1911,1809,"data/runs/mopc_60/demanda_alta/seed_400290/ab_report.json","data/runs/mopc_60/demanda_alta/seed_400290/ab_summary.csv","data/runs/mopc_60/demanda_alta/seed_400290/incomplete_trips_A.csv","data/runs/mopc_60/demanda_alta/seed_400290/incomplete_trips_B.csv"
"mopc_60","demanda_alta","423459","regression",false,-5.908750934928945,-12.5669185352871,1337,1258,"data/runs/mopc_60/demanda_alta/seed_423459/ab_report.json","data/runs/mopc_60/demanda_alta/seed_423459/ab_summary.csv","data/runs/mopc_60/demanda_alta/seed_423459/incomplete_trips_A.csv","data/runs/mopc_60/demanda_alta/seed_423459/incomplete_trips_B.csv"
"mopc_60","demanda_alta","449463","improvement",true,23.387096774193548,1.7032136257090058,1860,2295,"data/runs/mopc_60/demanda_alta/seed_449463/ab_report.json","data/runs/mopc_60/demanda_alta/seed_449463/ab_summary.csv","data/runs/mopc_60/demanda_alta/seed_449463/incomplete_trips_A.csv","data/runs/mopc_60/demanda_alta/seed_449463/incomplete_trips_B.csv"
"mopc_60","demanda_alta","843099","misleading_improvement",false,-56.478578892372,-24.215395328016978,1914,833,"data/runs/mopc_60/demanda_alta/seed_843099/ab_report.json","data/runs/mopc_60/demanda_alta/seed_843099/ab_summary.csv","data/runs/mopc_60/demanda_alta/seed_843099/incomplete_trips_A.csv","data/runs/mopc_60/demanda_alta/seed_843099/incomplete_trips_B.csv"
"mopc_60","demanda_alta","950893","misleading_regression",true,128.4023668639053,18.396241867535004,1014,2316,"data/runs/mopc_60/demanda_alta/seed_950893/ab_report.json","data/runs/mopc_60/demanda_alta/seed_950893/ab_summary.csv","data/runs/mopc_60/demanda_alta/seed_950893/incomplete_trips_A.csv","data/runs/mopc_60/demanda_alta/seed_950893/incomplete_trips_B.csv"
"mopc_60","demanda_alta","974616","misleading_improvement",false,-64.50939457202504,-14.760490159673227,1916,680,"data/runs/mopc_60/demanda_alta/seed_974616/ab_report.json","data/runs/mopc_60/demanda_alta/seed_974616/ab_summary.csv","data/runs/mopc_60/demanda_alta/seed_974616/incomplete_trips_A.csv","data/runs/mopc_60/demanda_alta/seed_974616/incomplete_trips_B.csv"
"mopc_60","demanda_baja","157300","improvement",true,8.763388510223953,14.861951005982393,1027,1117,"data/runs/mopc_60/demanda_baja/seed_157300/ab_report.json","data/runs/mopc_60/demanda_baja/seed_157300/ab_summary.csv","data/runs/mopc_60/demanda_baja/seed_157300/incomplete_trips_A.csv","data/runs/mopc_60/demanda_baja/seed_157300/incomplete_trips_B.csv"
"mopc_60","demanda_baja","214181","improvement",true,3.7389100126742716,42.39709959479633,1578,1637,"data/runs/mopc_60/demanda_baja/seed_214181/ab_report.json","data/runs/mopc_60/demanda_baja/seed_214181/ab_summary.csv","data/runs/mopc_60/demanda_baja/seed_214181/incomplete_trips_A.csv","data/runs/mopc_60/demanda_baja/seed_214181/incomplete_trips_B.csv"
"mopc_60","demanda_baja","281772","improvement",true,4.094689699296225,44.17336394948335,1563,1627,"data/runs/mopc_60/demanda_baja/seed_281772/ab_report.json","data/runs/mopc_60/demanda_baja/seed_281772/ab_summary.csv","data/runs/mopc_60/demanda_baja/seed_281772/incomplete_trips_A.csv","data/runs/mopc_60/demanda_baja/seed_281772/incomplete_trips_B.csv"
"mopc_60","demanda_baja","372292","misleading_improvement",false,-56.796426292278234,-2.5028420881678906,1567,677,"data/runs/mopc_60/demanda_baja/seed_372292/ab_report.json","data/runs/mopc_60/demanda_baja/seed_372292/ab_summary.csv","data/runs/mopc_60/demanda_baja/seed_372292/incomplete_trips_A.csv","data/runs/mopc_60/demanda_baja/seed_372292/incomplete_trips_B.csv"
"mopc_60","demanda_baja","400290","improvement",true,6.761107533805538,43.35283109274846,1553,1658,"data/runs/mopc_60/demanda_baja/seed_400290/ab_report.json","data/runs/mopc_60/demanda_baja/seed_400290/ab_summary.csv","data/runs/mopc_60/demanda_baja/seed_400290/incomplete_trips_A.csv","data/runs/mopc_60/demanda_baja/seed_400290/incomplete_trips_B.csv"
"mopc_60","demanda_baja","423459","improvement",true,6.675143038779402,42.891070297656746,1573,1678,"data/runs/mopc_60/demanda_baja/seed_423459/ab_report.json","data/runs/mopc_60/demanda_baja/seed_423459/ab_summary.csv","data/runs/mopc_60/demanda_baja/seed_423459/incomplete_trips_A.csv","data/runs/mopc_60/demanda_baja/seed_423459/incomplete_trips_B.csv"
"mopc_60","demanda_baja","449463","improvement",true,4.891994917407878,43.1877050595752,1574,1651,"data/runs/mopc_60/demanda_baja/seed_449463/ab_report.json","data/runs/mopc_60/demanda_baja/seed_449463/ab_summary.csv","data/runs/mopc_60/demanda_baja/seed_449463/incomplete_trips_A.csv","data/runs/mopc_60/demanda_baja/seed_449463/incomplete_trips_B.csv"
"mopc_60","demanda_baja","843099","improvement",true,6.962025316455696,42.76765217068025,1580,1690,"data/runs/mopc_60/demanda_baja/seed_843099/ab_report.json","data/runs/mopc_60/demanda_baja/seed_843099/ab_summary.csv","data/runs/mopc_60/demanda_baja/seed_843099/incomplete_trips_A.csv","data/runs/mopc_60/demanda_baja/seed_843099/incomplete_trips_B.csv"
"mopc_60","demanda_baja","950893","improvement",true,2.993630573248408,39.79976961330623,1570,1617,"data/runs/mopc_60/demanda_baja/seed_950893/ab_report.json","data/runs/mopc_60/demanda_baja/seed_950893/ab_summary.csv","data/runs/mopc_60/demanda_baja/seed_950893/incomplete_trips_A.csv","data/runs/mopc_60/demanda_baja/seed_950893/incomplete_trips_B.csv"
"mopc_60","demanda_baja","974616","improvement",true,6.054811982154239,43.02443323520036,1569,1664,"data/runs/mopc_60/demanda_baja/seed_974616/ab_report.json","data/runs/mopc_60/demanda_baja/seed_974616/ab_summary.csv","data/runs/mopc_60/demanda_baja/seed_974616/incomplete_trips_A.csv","data/runs/mopc_60/demanda_baja/seed_974616/incomplete_trips_B.csv"
"mopc_60","demanda_media","157300","improvement",true,63.643013899049016,21.45079531550428,1367,2237,"data/runs/mopc_60/demanda_media/seed_157300/ab_report.json","data/runs/mopc_60/demanda_media/seed_157300/ab_summary.csv","data/runs/mopc_60/demanda_media/seed_157300/incomplete_trips_A.csv","data/runs/mopc_60/demanda_media/seed_157300/incomplete_trips_B.csv"
"mopc_60","demanda_media","214181","improvement",true,54.47032306536439,23.49152445227758,1331,2056,"data/runs/mopc_60/demanda_media/seed_214181/ab_report.json","data/runs/mopc_60/demanda_media/seed_214181/ab_summary.csv","data/runs/mopc_60/demanda_media/seed_214181/incomplete_trips_A.csv","data/runs/mopc_60/demanda_media/seed_214181/incomplete_trips_B.csv"
"mopc_60","demanda_media","281772","improvement",true,24.606192286800653,10.674717007059794,1841,2294,"data/runs/mopc_60/demanda_media/seed_281772/ab_report.json","data/runs/mopc_60/demanda_media/seed_281772/ab_summary.csv","data/runs/mopc_60/demanda_media/seed_281772/incomplete_trips_A.csv","data/runs/mopc_60/demanda_media/seed_281772/incomplete_trips_B.csv"
"mopc_60","demanda_media","372292","misleading_improvement",false,-67.23851687880465,-20.793653492959663,1807,592,"data/runs/mopc_60/demanda_media/seed_372292/ab_report.json","data/runs/mopc_60/demanda_media/seed_372292/ab_summary.csv","data/runs/mopc_60/demanda_media/seed_372292/incomplete_trips_A.csv","data/runs/mopc_60/demanda_media/seed_372292/incomplete_trips_B.csv"
"mopc_60","demanda_media","400290","improvement",true,59.896219421793916,21.571941537857324,1349,2157,"data/runs/mopc_60/demanda_media/seed_400290/ab_report.json","data/runs/mopc_60/demanda_media/seed_400290/ab_summary.csv","data/runs/mopc_60/demanda_media/seed_400290/incomplete_trips_A.csv","data/runs/mopc_60/demanda_media/seed_400290/incomplete_trips_B.csv"
"mopc_60","demanda_media","423459","improvement",true,27.572706935123044,20.08581367764944,1788,2281,"data/runs/mopc_60/demanda_media/seed_423459/ab_report.json","data/runs/mopc_60/demanda_media/seed_423459/ab_summary.csv","data/runs/mopc_60/demanda_media/seed_423459/incomplete_trips_A.csv","data/runs/mopc_60/demanda_media/seed_423459/incomplete_trips_B.csv"
"mopc_60","demanda_media","449463","misleading_regression",true,197.17362045760433,23.780402179407965,743,2208,"data/runs/mopc_60/demanda_media/seed_449463/ab_report.json","data/runs/mopc_60/demanda_media/seed_449463/ab_summary.csv","data/runs/mopc_60/demanda_media/seed_449463/incomplete_trips_A.csv","data/runs/mopc_60/demanda_media/seed_449463/incomplete_trips_B.csv"
"mopc_60","demanda_media","843099","improvement",true,49.11742133537989,15.525874002297293,1303,1943,"data/runs/mopc_60/demanda_media/seed_843099/ab_report.json","data/runs/mopc_60/demanda_media/seed_843099/ab_summary.csv","data/runs/mopc_60/demanda_media/seed_843099/incomplete_trips_A.csv","data/runs/mopc_60/demanda_media/seed_843099/incomplete_trips_B.csv"
"mopc_60","demanda_media","950893","misleading_regression",true,435.2668213457076,30.775133194347926,431,2307,"data/runs/mopc_60/demanda_media/seed_950893/ab_report.json","data/runs/mopc_60/demanda_media/seed_950893/ab_summary.csv","data/runs/mopc_60/demanda_media/seed_950893/incomplete_trips_A.csv","data/runs/mopc_60/demanda_media/seed_950893/incomplete_trips_B.csv"
"mopc_60","demanda_media","974616","improvement",true,22.41095890410959,7.241486667283727,1825,2234,"data/runs/mopc_60/demanda_media/seed_974616/ab_report.json","data/runs/mopc_60/demanda_media/seed_974616/ab_summary.csv","data/runs/mopc_60/demanda_media/seed_974616/incomplete_trips_A.csv","data/runs/mopc_60/demanda_media/seed_974616/incomplete_trips_B.csv"
"mopc_60","demanda_saturada","157300","misleading_regression",true,184.7953216374269,9.303999406396082,855,2435,"data/runs/mopc_60/demanda_saturada/seed_157300/ab_report.json","data/runs/mopc_60/demanda_saturada/seed_157300/ab_summary.csv","data/runs/mopc_60/demanda_saturada/seed_157300/incomplete_trips_A.csv","data/runs/mopc_60/demanda_saturada/seed_157300/incomplete_trips_B.csv"
"mopc_60","demanda_saturada","214181","improvement",true,28.465215082315453,6.60869698104269,1883,2419,"data/runs/mopc_60/demanda_saturada/seed_214181/ab_report.json","data/runs/mopc_60/demanda_saturada/seed_214181/ab_summary.csv","data/runs/mopc_60/demanda_saturada/seed_214181/incomplete_trips_A.csv","data/runs/mopc_60/demanda_saturada/seed_214181/incomplete_trips_B.csv"
"mopc_60","demanda_saturada","281772","regression",false,5.3,-7.308536370480721,2000,2106,"data/runs/mopc_60/demanda_saturada/seed_281772/ab_report.json","data/runs/mopc_60/demanda_saturada/seed_281772/ab_summary.csv","data/runs/mopc_60/demanda_saturada/seed_281772/incomplete_trips_A.csv","data/runs/mopc_60/demanda_saturada/seed_281772/incomplete_trips_B.csv"
"mopc_60","demanda_saturada","372292","misleading_regression",true,71.03658536585365,-5.053951432158288,656,1122,"data/runs/mopc_60/demanda_saturada/seed_372292/ab_report.json","data/runs/mopc_60/demanda_saturada/seed_372292/ab_summary.csv","data/runs/mopc_60/demanda_saturada/seed_372292/incomplete_trips_A.csv","data/runs/mopc_60/demanda_saturada/seed_372292/incomplete_trips_B.csv"
"mopc_60","demanda_saturada","400290","misleading_improvement",false,-45.59730790802019,-4.783211304950435,1783,970,"data/runs/mopc_60/demanda_saturada/seed_400290/ab_report.json","data/runs/mopc_60/demanda_saturada/seed_400290/ab_summary.csv","data/runs/mopc_60/demanda_saturada/seed_400290/incomplete_trips_A.csv","data/runs/mopc_60/demanda_saturada/seed_400290/incomplete_trips_B.csv"
"mopc_60","demanda_saturada","423459","misleading_regression",true,197.7245508982036,19.082859962130303,835,2486,"data/runs/mopc_60/demanda_saturada/seed_423459/ab_report.json","data/runs/mopc_60/demanda_saturada/seed_423459/ab_summary.csv","data/runs/mopc_60/demanda_saturada/seed_423459/incomplete_trips_A.csv","data/runs/mopc_60/demanda_saturada/seed_423459/incomplete_trips_B.csv"
"mopc_60","demanda_saturada","449463","misleading_regression",true,208.86889460154242,32.06620046094635,778,2403,"data/runs/mopc_60/demanda_saturada/seed_449463/ab_report.json","data/runs/mopc_60/demanda_saturada/seed_449463/ab_summary.csv","data/runs/mopc_60/demanda_saturada/seed_449463/incomplete_trips_A.csv","data/runs/mopc_60/demanda_saturada/seed_449463/incomplete_trips_B.csv"
"mopc_60","demanda_saturada","843099","improvement",true,26.957383548067394,-0.6404472658138112,2018,2562,"data/runs/mopc_60/demanda_saturada/seed_843099/ab_report.json","data/runs/mopc_60/demanda_saturada/seed_843099/ab_summary.csv","data/runs/mopc_60/demanda_saturada/seed_843099/incomplete_trips_A.csv","data/runs/mopc_60/demanda_saturada/seed_843099/incomplete_trips_B.csv"
"mopc_60","demanda_saturada","950893","misleading_regression",true,59.76047904191617,9.242269555123562,835,1334,"data/runs/mopc_60/demanda_saturada/seed_950893/ab_report.json","data/runs/mopc_60/demanda_saturada/seed_950893/ab_summary.csv","data/runs/mopc_60/demanda_saturada/seed_950893/incomplete_trips_A.csv","data/runs/mopc_60/demanda_saturada/seed_950893/incomplete_trips_B.csv"
"mopc_60","demanda_saturada","974616","improvement",true,32.82691264243082,5.418576409292123,1843,2448,"data/runs/mopc_60/demanda_saturada/seed_974616/ab_report.json","data/runs/mopc_60/demanda_saturada/seed_974616/ab_summary.csv","data/runs/mopc_60/demanda_saturada/seed_974616/incomplete_trips_A.csv","data/runs/mopc_60/demanda_saturada/seed_974616/incomplete_trips_B.csv"
"mopc_60","hora_pico","157300","improvement",true,85.70227081581162,18.87943575721108,1189,2208,"data/runs/mopc_60/hora_pico/seed_157300/ab_report.json","data/runs/mopc_60/hora_pico/seed_157300/ab_summary.csv","data/runs/mopc_60/hora_pico/seed_157300/incomplete_trips_A.csv","data/runs/mopc_60/hora_pico/seed_157300/incomplete_trips_B.csv"
"mopc_60","hora_pico","214181","misleading_improvement",false,-17.05685618729097,-10.832004825714163,1794,1488,"data/runs/mopc_60/hora_pico/seed_214181/ab_report.json","data/runs/mopc_60/hora_pico/seed_214181/ab_summary.csv","data/runs/mopc_60/hora_pico/seed_214181/incomplete_trips_A.csv","data/runs/mopc_60/hora_pico/seed_214181/incomplete_trips_B.csv"
"mopc_60","hora_pico","281772","misleading_improvement",false,-33.356070941336974,-24.998220401319276,1466,977,"data/runs/mopc_60/hora_pico/seed_281772/ab_report.json","data/runs/mopc_60/hora_pico/seed_281772/ab_summary.csv","data/runs/mopc_60/hora_pico/seed_281772/incomplete_trips_A.csv","data/runs/mopc_60/hora_pico/seed_281772/incomplete_trips_B.csv"
"mopc_60","hora_pico","372292","improvement",true,22.47065399664617,0.06760663612507228,1789,2191,"data/runs/mopc_60/hora_pico/seed_372292/ab_report.json","data/runs/mopc_60/hora_pico/seed_372292/ab_summary.csv","data/runs/mopc_60/hora_pico/seed_372292/incomplete_trips_A.csv","data/runs/mopc_60/hora_pico/seed_372292/incomplete_trips_B.csv"
"mopc_60","hora_pico","400290","improvement",true,22.909698996655518,2.7360318608409906,1794,2205,"data/runs/mopc_60/hora_pico/seed_400290/ab_report.json","data/runs/mopc_60/hora_pico/seed_400290/ab_summary.csv","data/runs/mopc_60/hora_pico/seed_400290/incomplete_trips_A.csv","data/runs/mopc_60/hora_pico/seed_400290/incomplete_trips_B.csv"
"mopc_60","hora_pico","423459","improvement",true,28.471818710052293,6.473509372563642,1721,2211,"data/runs/mopc_60/hora_pico/seed_423459/ab_report.json","data/runs/mopc_60/hora_pico/seed_423459/ab_summary.csv","data/runs/mopc_60/hora_pico/seed_423459/incomplete_trips_A.csv","data/runs/mopc_60/hora_pico/seed_423459/incomplete_trips_B.csv"
"mopc_60","hora_pico","449463","improvement",true,39.07672301690507,8.751744249199943,1538,2139,"data/runs/mopc_60/hora_pico/seed_449463/ab_report.json","data/runs/mopc_60/hora_pico/seed_449463/ab_summary.csv","data/runs/mopc_60/hora_pico/seed_449463/incomplete_trips_A.csv","data/runs/mopc_60/hora_pico/seed_449463/incomplete_trips_B.csv"
"mopc_60","hora_pico","843099","improvement",true,-1.7495395948434622,3.2730357893425905,1086,1067,"data/runs/mopc_60/hora_pico/seed_843099/ab_report.json","data/runs/mopc_60/hora_pico/seed_843099/ab_summary.csv","data/runs/mopc_60/hora_pico/seed_843099/incomplete_trips_A.csv","data/runs/mopc_60/hora_pico/seed_843099/incomplete_trips_B.csv"
"mopc_60","hora_pico","950893","improvement",true,93.40866290018832,9.503924494032175,1062,2054,"data/runs/mopc_60/hora_pico/seed_950893/ab_report.json","data/runs/mopc_60/hora_pico/seed_950893/ab_summary.csv","data/runs/mopc_60/hora_pico/seed_950893/incomplete_trips_A.csv","data/runs/mopc_60/hora_pico/seed_950893/incomplete_trips_B.csv"
"mopc_60","hora_pico","974616","misleading_improvement",false,-50.05800464037124,-10.828047797596103,1724,861,"data/runs/mopc_60/hora_pico/seed_974616/ab_report.json","data/runs/mopc_60/hora_pico/seed_974616/ab_summary.csv","data/runs/mopc_60/hora_pico/seed_974616/incomplete_trips_A.csv","data/runs/mopc_60/hora_pico/seed_974616/incomplete_trips_B.csv"
"netconvert_90","corredor","157300","improvement",true,18.256772673733803,24.088943054460294,849,1004,"data/runs/netconvert_90/corredor/seed_157300/ab_report.json","data/runs/netconvert_90/corredor/seed_157300/ab_summary.csv","data/runs/netconvert_90/corredor/seed_157300/incomplete_trips_A.csv","data/runs/netconvert_90/corredor/seed_157300/incomplete_trips_B.csv"
"netconvert_90","corredor","214181","improvement",true,137.90697674418604,60.869539484976,430,1023,"data/runs/netconvert_90/corredor/seed_214181/ab_report.json","data/runs/netconvert_90/corredor/seed_214181/ab_summary.csv","data/runs/netconvert_90/corredor/seed_214181/incomplete_trips_A.csv","data/runs/netconvert_90/corredor/seed_214181/incomplete_trips_B.csv"
"netconvert_90","corredor","281772","improvement",true,171.50537634408602,56.36078442406167,372,1010,"data/runs/netconvert_90/corredor/seed_281772/ab_report.json","data/runs/netconvert_90/corredor/seed_281772/ab_summary.csv","data/runs/netconvert_90/corredor/seed_281772/incomplete_trips_A.csv","data/runs/netconvert_90/corredor/seed_281772/incomplete_trips_B.csv"
"netconvert_90","corredor","372292","improvement",true,16.97674418604651,24.50049667416917,860,1006,"data/runs/netconvert_90/corredor/seed_372292/ab_report.json","data/runs/netconvert_90/corredor/seed_372292/ab_summary.csv","data/runs/netconvert_90/corredor/seed_372292/incomplete_trips_A.csv","data/runs/netconvert_90/corredor/seed_372292/incomplete_trips_B.csv"
"netconvert_90","corredor","400290","improvement",true,18.319719953325556,25.737547892720308,857,1014,"data/runs/netconvert_90/corredor/seed_400290/ab_report.json","data/runs/netconvert_90/corredor/seed_400290/ab_summary.csv","data/runs/netconvert_90/corredor/seed_400290/incomplete_trips_A.csv","data/runs/netconvert_90/corredor/seed_400290/incomplete_trips_B.csv"
"netconvert_90","corredor","423459","improvement",true,240.58441558441558,62.021828908554575,308,1049,"data/runs/netconvert_90/corredor/seed_423459/ab_report.json","data/runs/netconvert_90/corredor/seed_423459/ab_summary.csv","data/runs/netconvert_90/corredor/seed_423459/incomplete_trips_A.csv","data/runs/netconvert_90/corredor/seed_423459/incomplete_trips_B.csv"
"netconvert_90","corredor","449463","improvement",true,157.98969072164948,57.58047803500769,388,1001,"data/runs/netconvert_90/corredor/seed_449463/ab_report.json","data/runs/netconvert_90/corredor/seed_449463/ab_summary.csv","data/runs/netconvert_90/corredor/seed_449463/incomplete_trips_A.csv","data/runs/netconvert_90/corredor/seed_449463/incomplete_trips_B.csv"
"netconvert_90","corredor","843099","improvement",true,161.24031007751938,60.99113750110309,387,1011,"data/runs/netconvert_90/corredor/seed_843099/ab_report.json","data/runs/netconvert_90/corredor/seed_843099/ab_summary.csv","data/runs/netconvert_90/corredor/seed_843099/incomplete_trips_A.csv","data/runs/netconvert_90/corredor/seed_843099/incomplete_trips_B.csv"
"netconvert_90","corredor","950893","improvement",true,163.80697050938338,57.91129654108834,373,984,"data/runs/netconvert_90/corredor/seed_950893/ab_report.json","data/runs/netconvert_90/corredor/seed_950893/ab_summary.csv","data/runs/netconvert_90/corredor/seed_950893/incomplete_trips_A.csv","data/runs/netconvert_90/corredor/seed_950893/incomplete_trips_B.csv"
"netconvert_90","corredor","974616","improvement",true,237.0967741935484,60.07941149312075,310,1045,"data/runs/netconvert_90/corredor/seed_974616/ab_report.json","data/runs/netconvert_90/corredor/seed_974616/ab_summary.csv","data/runs/netconvert_90/corredor/seed_974616/incomplete_trips_A.csv","data/runs/netconvert_90/corredor/seed_974616/incomplete_trips_B.csv"
"netconvert_90","demanda_alta","157300","misleading_regression",true,101.94174757281553,1.3443124299837275,1133,2288,"data/runs/netconvert_90/demanda_alta/seed_157300/ab_report.json","data/runs/netconvert_90/demanda_alta/seed_157300/ab_summary.csv","data/runs/netconvert_90/demanda_alta/seed_157300/incomplete_trips_A.csv","data/runs/netconvert_90/demanda_alta/seed_157300/incomplete_trips_B.csv"
"netconvert_90","demanda_alta","214181","misleading_improvement",false,-65.06211180124224,-9.69263795513546,1932,675,"data/runs/netconvert_90/demanda_alta/seed_214181/ab_report.json","data/runs/netconvert_90/demanda_alta/seed_214181/ab_summary.csv","data/runs/netconvert_90/demanda_alta/seed_214181/incomplete_trips_A.csv","data/runs/netconvert_90/demanda_alta/seed_214181/incomplete_trips_B.csv"
"netconvert_90","demanda_alta","281772","improvement",true,24.713242961418143,-2.151895515683665,1918,2392,"data/runs/netconvert_90/demanda_alta/seed_281772/ab_report.json","data/runs/netconvert_90/demanda_alta/seed_281772/ab_summary.csv","data/runs/netconvert_90/demanda_alta/seed_281772/incomplete_trips_A.csv","data/runs/netconvert_90/demanda_alta/seed_281772/incomplete_trips_B.csv"
"netconvert_90","demanda_alta","372292","misleading_regression",true,378.71900826446284,8.83627679334847,484,2317,"data/runs/netconvert_90/demanda_alta/seed_372292/ab_report.json","data/runs/netconvert_90/demanda_alta/seed_372292/ab_summary.csv","data/runs/netconvert_90/demanda_alta/seed_372292/incomplete_trips_A.csv","data/runs/netconvert_90/demanda_alta/seed_372292/incomplete_trips_B.csv"
"netconvert_90","demanda_alta","400290","regression",false,-5.928237129485179,-20.009264739943898,1923,1809,"data/runs/netconvert_90/demanda_alta/seed_400290/ab_report.json","data/runs/netconvert_90/demanda_alta/seed_400290/ab_summary.csv","data/runs/netconvert_90/demanda_alta/seed_400290/incomplete_trips_A.csv","data/runs/netconvert_90/demanda_alta/seed_400290/incomplete_trips_B.csv"
"netconvert_90","demanda_alta","423459","misleading_improvement",false,-32.32920925228618,-16.824217602844648,1859,1258,"data/runs/netconvert_90/demanda_alta/seed_423459/ab_report.json","data/runs/netconvert_90/demanda_alta/seed_423459/ab_summary.csv","data/runs/netconvert_90/demanda_alta/seed_423459/incomplete_trips_A.csv","data/runs/netconvert_90/demanda_alta/seed_423459/incomplete_trips_B.csv"
"netconvert_90","demanda_alta","449463","misleading_regression",true,186.15960099750623,24.23616463696624,802,2295,"data/runs/netconvert_90/demanda_alta/seed_449463/ab_report.json","data/runs/netconvert_90/demanda_alta/seed_449463/ab_summary.csv","data/runs/netconvert_90/demanda_alta/seed_449463/incomplete_trips_A.csv","data/runs/netconvert_90/demanda_alta/seed_449463/incomplete_trips_B.csv"
"netconvert_90","demanda_alta","843099","misleading_improvement",false,-53.48967057509771,-18.68614063712833,1791,833,"data/runs/netconvert_90/demanda_alta/seed_843099/ab_report.json","data/runs/netconvert_90/demanda_alta/seed_843099/ab_summary.csv","data/runs/netconvert_90/demanda_alta/seed_843099/incomplete_trips_A.csv","data/runs/netconvert_90/demanda_alta/seed_843099/incomplete_trips_B.csv"
"netconvert_90","demanda_alta","950893","improvement",true,21.19309262166405,-4.679660119512872,1911,2316,"data/runs/netconvert_90/demanda_alta/seed_950893/ab_report.json","data/runs/netconvert_90/demanda_alta/seed_950893/ab_summary.csv","data/runs/netconvert_90/demanda_alta/seed_950893/incomplete_trips_A.csv","data/runs/netconvert_90/demanda_alta/seed_950893/incomplete_trips_B.csv"
"netconvert_90","demanda_alta","974616","misleading_improvement",false,-64.56487754038561,-20.123873017482488,1919,680,"data/runs/netconvert_90/demanda_alta/seed_974616/ab_report.json","data/runs/netconvert_90/demanda_alta/seed_974616/ab_summary.csv","data/runs/netconvert_90/demanda_alta/seed_974616/incomplete_trips_A.csv","data/runs/netconvert_90/demanda_alta/seed_974616/incomplete_trips_B.csv"
"netconvert_90","demanda_baja","157300","misleading_improvement",false,-24.831763122476445,-4.102528521444359,1486,1117,"data/runs/netconvert_90/demanda_baja/seed_157300/ab_report.json","data/runs/netconvert_90/demanda_baja/seed_157300/ab_summary.csv","data/runs/netconvert_90/demanda_baja/seed_157300/incomplete_trips_A.csv","data/runs/netconvert_90/demanda_baja/seed_157300/incomplete_trips_B.csv"
"netconvert_90","demanda_baja","214181","improvement",true,11.133740665308894,39.86273257052139,1473,1637,"data/runs/netconvert_90/demanda_baja/seed_214181/ab_report.json","data/runs/netconvert_90/demanda_baja/seed_214181/ab_summary.csv","data/runs/netconvert_90/demanda_baja/seed_214181/incomplete_trips_A.csv","data/runs/netconvert_90/demanda_baja/seed_214181/incomplete_trips_B.csv"
"netconvert_90","demanda_baja","281772","improvement",true,9.194630872483222,42.061939609377326,1490,1627,"data/runs/netconvert_90/demanda_baja/seed_281772/ab_report.json","data/runs/netconvert_90/demanda_baja/seed_281772/ab_summary.csv","data/runs/netconvert_90/demanda_baja/seed_281772/incomplete_trips_A.csv","data/runs/netconvert_90/demanda_baja/seed_281772/incomplete_trips_B.csv"
"netconvert_90","demanda_baja","372292","misleading_improvement",false,-54.896735509660225,-14.296062295015997,1501,677,"data/runs/netconvert_90/demanda_baja/seed_372292/ab_report.json","data/runs/netconvert_90/demanda_baja/seed_372292/ab_summary.csv","data/runs/netconvert_90/demanda_baja/seed_372292/incomplete_trips_A.csv","data/runs/netconvert_90/demanda_baja/seed_372292/incomplete_trips_B.csv"
"netconvert_90","demanda_baja","400290","improvement",true,12.027027027027028,36.98090056021,1480,1658,"data/runs/netconvert_90/demanda_baja/seed_400290/ab_report.json","data/runs/netconvert_90/demanda_baja/seed_400290/ab_summary.csv","data/runs/netconvert_90/demanda_baja/seed_400290/incomplete_trips_A.csv","data/runs/netconvert_90/demanda_baja/seed_400290/incomplete_trips_B.csv"
"netconvert_90","demanda_baja","423459","improvement",true,11.42098273572377,34.56305292027276,1506,1678,"data/runs/netconvert_90/demanda_baja/seed_423459/ab_report.json","data/runs/netconvert_90/demanda_baja/seed_423459/ab_summary.csv","data/runs/netconvert_90/demanda_baja/seed_423459/incomplete_trips_A.csv","data/runs/netconvert_90/demanda_baja/seed_423459/incomplete_trips_B.csv"
"netconvert_90","demanda_baja","449463","improvement",true,56.19678334910123,54.35293774006513,1057,1651,"data/runs/netconvert_90/demanda_baja/seed_449463/ab_report.json","data/runs/netconvert_90/demanda_baja/seed_449463/ab_summary.csv","data/runs/netconvert_90/demanda_baja/seed_449463/incomplete_trips_A.csv","data/runs/netconvert_90/demanda_baja/seed_449463/incomplete_trips_B.csv"
"netconvert_90","demanda_baja","843099","misleading_regression",true,728.4313725490196,61.27729951013375,204,1690,"data/runs/netconvert_90/demanda_baja/seed_843099/ab_report.json","data/runs/netconvert_90/demanda_baja/seed_843099/ab_summary.csv","data/runs/netconvert_90/demanda_baja/seed_843099/incomplete_trips_A.csv","data/runs/netconvert_90/demanda_baja/seed_843099/incomplete_trips_B.csv"
"netconvert_90","demanda_baja","950893","improvement",true,8.450704225352112,34.69271642943501,1491,1617,"data/runs/netconvert_90/demanda_baja/seed_950893/ab_report.json","data/runs/netconvert_90/demanda_baja/seed_950893/ab_summary.csv","data/runs/netconvert_90/demanda_baja/seed_950893/incomplete_trips_A.csv","data/runs/netconvert_90/demanda_baja/seed_950893/incomplete_trips_B.csv"
"netconvert_90","demanda_baja","974616","improvement",true,10.638297872340425,34.88663637922167,1504,1664,"data/runs/netconvert_90/demanda_baja/seed_974616/ab_report.json","data/runs/netconvert_90/demanda_baja/seed_974616/ab_summary.csv","data/runs/netconvert_90/demanda_baja/seed_974616/incomplete_trips_A.csv","data/runs/netconvert_90/demanda_baja/seed_974616/incomplete_trips_B.csv"
"netconvert_90","demanda_media","157300","improvement",true,23.454746136865342,5.9599045745615875,1812,2237,"data/runs/netconvert_90/demanda_media/seed_157300/ab_report.json","data/runs/netconvert_90/demanda_media/seed_157300/ab_summary.csv","data/runs/netconvert_90/demanda_media/seed_157300/incomplete_trips_A.csv","data/runs/netconvert_90/demanda_media/seed_157300/incomplete_trips_B.csv"
"netconvert_90","demanda_media","214181","improvement",true,13.968957871396896,8.900983595369508,1804,2056,"data/runs/netconvert_90/demanda_media/seed_214181/ab_report.json","data/runs/netconvert_90/demanda_media/seed_214181/ab_summary.csv","data/runs/netconvert_90/demanda_media/seed_214181/incomplete_trips_A.csv","data/runs/netconvert_90/demanda_media/seed_214181/incomplete_trips_B.csv"
"netconvert_90","demanda_media","281772","improvement",true,26.391184573002757,11.22671947284863,1815,2294,"data/runs/netconvert_90/demanda_media/seed_281772/ab_report.json","data/runs/netconvert_90/demanda_media/seed_281772/ab_summary.csv","data/runs/netconvert_90/demanda_media/seed_281772/incomplete_trips_A.csv","data/runs/netconvert_90/demanda_media/seed_281772/incomplete_trips_B.csv"
"netconvert_90","demanda_media","372292","misleading_improvement",false,-66.81614349775785,-18.974758387350718,1784,592,"data/runs/netconvert_90/demanda_media/seed_372292/ab_report.json","data/runs/netconvert_90/demanda_media/seed_372292/ab_summary.csv","data/runs/netconvert_90/demanda_media/seed_372292/incomplete_trips_A.csv","data/runs/netconvert_90/demanda_media/seed_372292/incomplete_trips_B.csv"
"netconvert_90","demanda_media","400290","improvement",true,17.29200652528548,1.609213605729469,1839,2157,"data/runs/netconvert_90/demanda_media/seed_400290/ab_report.json","data/runs/netconvert_90/demanda_media/seed_400290/ab_summary.csv","data/runs/netconvert_90/demanda_media/seed_400290/incomplete_trips_A.csv","data/runs/netconvert_90/demanda_media/seed_400290/incomplete_trips_B.csv"
"netconvert_90","demanda_media","423459","improvement",true,36.58682634730539,16.5823258132868,1670,2281,"data/runs/netconvert_90/demanda_media/seed_423459/ab_report.json","data/runs/netconvert_90/demanda_media/seed_423459/ab_summary.csv","data/runs/netconvert_90/demanda_media/seed_423459/incomplete_trips_A.csv","data/runs/netconvert_90/demanda_media/seed_423459/incomplete_trips_B.csv"
"netconvert_90","demanda_media","449463","improvement",true,24.534686971235196,9.290316111403575,1773,2208,"data/runs/netconvert_90/demanda_media/seed_449463/ab_report.json","data/runs/netconvert_90/demanda_media/seed_449463/ab_summary.csv","data/runs/netconvert_90/demanda_media/seed_449463/incomplete_trips_A.csv","data/runs/netconvert_90/demanda_media/seed_449463/incomplete_trips_B.csv"
"netconvert_90","demanda_media","843099","misleading_regression",true,232.7054794520548,29.27490845426412,584,1943,"data/runs/netconvert_90/demanda_media/seed_843099/ab_report.json","data/runs/netconvert_90/demanda_media/seed_843099/ab_summary.csv","data/runs/netconvert_90/demanda_media/seed_843099/incomplete_trips_A.csv","data/runs/netconvert_90/demanda_media/seed_843099/incomplete_trips_B.csv"
"netconvert_90","demanda_media","950893","improvement",true,28.954723309111234,18.359855211036745,1789,2307,"data/runs/netconvert_90/demanda_media/seed_950893/ab_report.json","data/runs/netconvert_90/demanda_media/seed_950893/ab_summary.csv","data/runs/netconvert_90/demanda_media/seed_950893/incomplete_trips_A.csv","data/runs/netconvert_90/demanda_media/seed_950893/incomplete_trips_B.csv"
"netconvert_90","demanda_media","974616","improvement",true,32.424422050978066,8.561024569087078,1687,2234,"data/runs/netconvert_90/demanda_media/seed_974616/ab_report.json","data/runs/netconvert_90/demanda_media/seed_974616/ab_summary.csv","data/runs/netconvert_90/demanda_media/seed_974616/incomplete_trips_A.csv","data/runs/netconvert_90/demanda_media/seed_974616/incomplete_trips_B.csv"
"netconvert_90","demanda_saturada","157300","improvement",true,18.83845778428502,-4.447729564370311,2049,2435,"data/runs/netconvert_90/demanda_saturada/seed_157300/ab_report.json","data/runs/netconvert_90/demanda_saturada/seed_157300/ab_summary.csv","data/runs/netconvert_90/demanda_saturada/seed_157300/incomplete_trips_A.csv","data/runs/netconvert_90/demanda_saturada/seed_157300/incomplete_trips_B.csv"
"netconvert_90","demanda_saturada","214181","improvement",true,17.942467089224767,-5.350078005809493,2051,2419,"data/runs/netconvert_90/demanda_saturada/seed_214181/ab_report.json","data/runs/netconvert_90/demanda_saturada/seed_214181/ab_summary.csv","data/runs/netconvert_90/demanda_saturada/seed_214181/incomplete_trips_A.csv","data/runs/netconvert_90/demanda_saturada/seed_214181/incomplete_trips_B.csv"
"netconvert_90","demanda_saturada","281772","regression",false,4.724017901541522,-15.473255994346093,2011,2106,"data/runs/netconvert_90/demanda_saturada/seed_281772/ab_report.json","data/runs/netconvert_90/demanda_saturada/seed_281772/ab_summary.csv","data/runs/netconvert_90/demanda_saturada/seed_281772/incomplete_trips_A.csv","data/runs/netconvert_90/demanda_saturada/seed_281772/incomplete_trips_B.csv"
"netconvert_90","demanda_saturada","372292","misleading_regression",true,89.52702702702703,-9.421929149018098,592,1122,"data/runs/netconvert_90/demanda_saturada/seed_372292/ab_report.json","data/runs/netconvert_90/demanda_saturada/seed_372292/ab_summary.csv","data/runs/netconvert_90/demanda_saturada/seed_372292/incomplete_trips_A.csv","data/runs/netconvert_90/demanda_saturada/seed_372292/incomplete_trips_B.csv"
"netconvert_90","demanda_saturada","400290","misleading_improvement",false,-49.21465968586388,-12.381644853772823,1910,970,"data/runs/netconvert_90/demanda_saturada/seed_400290/ab_report.json","data/runs/netconvert_90/demanda_saturada/seed_400290/ab_summary.csv","data/runs/netconvert_90/demanda_saturada/seed_400290/incomplete_trips_A.csv","data/runs/netconvert_90/demanda_saturada/seed_400290/incomplete_trips_B.csv"
"netconvert_90","demanda_saturada","423459","improvement",true,20.270924044508952,-5.02422983731395,2067,2486,"data/runs/netconvert_90/demanda_saturada/seed_423459/ab_report.json","data/runs/netconvert_90/demanda_saturada/seed_423459/ab_summary.csv","data/runs/netconvert_90/demanda_saturada/seed_423459/incomplete_trips_A.csv","data/runs/netconvert_90/demanda_saturada/seed_423459/incomplete_trips_B.csv"
"netconvert_90","demanda_saturada","449463","improvement",true,15.918958031837915,-3.4211790542859104,2073,2403,"data/runs/netconvert_90/demanda_saturada/seed_449463/ab_report.json","data/runs/netconvert_90/demanda_saturada/seed_449463/ab_summary.csv","data/runs/netconvert_90/demanda_saturada/seed_449463/incomplete_trips_A.csv","data/runs/netconvert_90/demanda_saturada/seed_449463/incomplete_trips_B.csv"
"netconvert_90","demanda_saturada","843099","improvement",true,23.410404624277454,-6.142892342200736,2076,2562,"data/runs/netconvert_90/demanda_saturada/seed_843099/ab_report.json","data/runs/netconvert_90/demanda_saturada/seed_843099/ab_summary.csv","data/runs/netconvert_90/demanda_saturada/seed_843099/incomplete_trips_A.csv","data/runs/netconvert_90/demanda_saturada/seed_843099/incomplete_trips_B.csv"
"netconvert_90","demanda_saturada","950893","misleading_regression",true,125.7191201353638,-4.155331391289693,591,1334,"data/runs/netconvert_90/demanda_saturada/seed_950893/ab_report.json","data/runs/netconvert_90/demanda_saturada/seed_950893/ab_summary.csv","data/runs/netconvert_90/demanda_saturada/seed_950893/incomplete_trips_A.csv","data/runs/netconvert_90/demanda_saturada/seed_950893/incomplete_trips_B.csv"
"netconvert_90","demanda_saturada","974616","misleading_regression",true,75.73582196697774,6.034046594173004,1393,2448,"data/runs/netconvert_90/demanda_saturada/seed_974616/ab_report.json","data/runs/netconvert_90/demanda_saturada/seed_974616/ab_summary.csv","data/runs/netconvert_90/demanda_saturada/seed_974616/incomplete_trips_A.csv","data/runs/netconvert_90/demanda_saturada/seed_974616/incomplete_trips_B.csv"
"netconvert_90","hora_pico","157300","improvement",true,19.86970684039088,3.6764373377709845,1842,2208,"data/runs/netconvert_90/hora_pico/seed_157300/ab_report.json","data/runs/netconvert_90/hora_pico/seed_157300/ab_summary.csv","data/runs/netconvert_90/hora_pico/seed_157300/incomplete_trips_A.csv","data/runs/netconvert_90/hora_pico/seed_157300/incomplete_trips_B.csv"
"netconvert_90","hora_pico","214181","misleading_improvement",false,-16.964285714285715,-12.06325694867997,1792,1488,"data/runs/netconvert_90/hora_pico/seed_214181/ab_report.json","data/runs/netconvert_90/hora_pico/seed_214181/ab_summary.csv","data/runs/netconvert_90/hora_pico/seed_214181/incomplete_trips_A.csv","data/runs/netconvert_90/hora_pico/seed_214181/incomplete_trips_B.csv"
"netconvert_90","hora_pico","281772","misleading_improvement",false,-46.6703056768559,-47.42994141572447,1832,977,"data/runs/netconvert_90/hora_pico/seed_281772/ab_report.json","data/runs/netconvert_90/hora_pico/seed_281772/ab_summary.csv","data/runs/netconvert_90/hora_pico/seed_281772/incomplete_trips_A.csv","data/runs/netconvert_90/hora_pico/seed_281772/incomplete_trips_B.csv"
"netconvert_90","hora_pico","372292","improvement",true,65.73373676248109,8.145477142459995,1322,2191,"data/runs/netconvert_90/hora_pico/seed_372292/ab_report.json","data/runs/netconvert_90/hora_pico/seed_372292/ab_summary.csv","data/runs/netconvert_90/hora_pico/seed_372292/incomplete_trips_A.csv","data/runs/netconvert_90/hora_pico/seed_372292/incomplete_trips_B.csv"
"netconvert_90","hora_pico","400290","improvement",true,19.318181818181817,-0.6570435811185451,1848,2205,"data/runs/netconvert_90/hora_pico/seed_400290/ab_report.json","data/runs/netconvert_90/hora_pico/seed_400290/ab_summary.csv","data/runs/netconvert_90/hora_pico/seed_400290/incomplete_trips_A.csv","data/runs/netconvert_90/hora_pico/seed_400290/incomplete_trips_B.csv"
"netconvert_90","hora_pico","423459","improvement",true,21.483516483516482,0.7794519562715765,1820,2211,"data/runs/netconvert_90/hora_pico/seed_423459/ab_report.json","data/runs/netconvert_90/hora_pico/seed_423459/ab_summary.csv","data/runs/netconvert_90/hora_pico/seed_423459/incomplete_trips_A.csv","data/runs/netconvert_90/hora_pico/seed_423459/incomplete_trips_B.csv"
"netconvert_90","hora_pico","449463","misleading_regression",true,295.3789279112754,25.749272484973755,541,2139,"data/runs/netconvert_90/hora_pico/seed_449463/ab_report.json","data/runs/netconvert_90/hora_pico/seed_449463/ab_summary.csv","data/runs/netconvert_90/hora_pico/seed_449463/incomplete_trips_A.csv","data/runs/netconvert_90/hora_pico/seed_449463/incomplete_trips_B.csv"
"netconvert_90","hora_pico","843099","misleading_improvement",false,-41.97933659597607,-12.713601567318506,1839,1067,"data/runs/netconvert_90/hora_pico/seed_843099/ab_report.json","data/runs/netconvert_90/hora_pico/seed_843099/ab_summary.csv","data/runs/netconvert_90/hora_pico/seed_843099/incomplete_trips_A.csv","data/runs/netconvert_90/hora_pico/seed_843099/incomplete_trips_B.csv"
"netconvert_90","hora_pico","950893","improvement",true,11.32791327913279,-2.011772663290862,1845,2054,"data/runs/netconvert_90/hora_pico/seed_950893/ab_report.json","data/runs/netconvert_90/hora_pico/seed_950893/ab_summary.csv","data/runs/netconvert_90/hora_pico/seed_950893/incomplete_trips_A.csv","data/runs/netconvert_90/hora_pico/seed_950893/incomplete_trips_B.csv"
"netconvert_90","hora_pico","974616","misleading_improvement",false,-53.43428880475933,-15.039693004392147,1849,861,"data/runs/netconvert_90/hora_pico/seed_974616/ab_report.json","data/runs/netconvert_90/hora_pico/seed_974616/ab_summary.csv","data/runs/netconvert_90/hora_pico/seed_974616/incomplete_trips_A.csv","data/runs/netconvert_90/hora_pico/seed_974616/incomplete_trips_B.csv"
